114;EmbeddedAssets_WhiteFont
113;EmbeddedAssets_RedNum
112;EmbeddedAssets_GreenNum
111;EmbeddedAssets_LairEn
110;EmbeddedAssets_art
109;EmbeddedAssets_FireGround
108;EmbeddedAssets_SwampEn
107;EmbeddedAssets__JS
106;EmbeddedAssets_MyFont1
105;EmbeddedAssets_GNXml
104;EmbeddedAssets__JS3
103;EmbeddedAssets__JS2
102;EmbeddedAssets__PNG
101;EmbeddedAssets__JS5
100;EmbeddedAssets__JS4
99;EmbeddedAssets_WXml
98;EmbeddedAssets_Blood
97;EmbeddedAssets_art2
96;EmbeddedAssets_landscape_1
95;EmbeddedAssets_landscape_2
94;EmbeddedAssets_landscape_3
93;EmbeddedAssets_landscape_4
92;EmbeddedAssets_landscape_5
91;EmbeddedAssets_RNXml
90;EmbeddedAssets_ForestEn
89;EmbeddedAssets_RXml
88;EmbeddedAssets_artXml
87;EmbeddedAssets_NormalĞ¢Num
86;EmbeddedAssets_YellowFont
85;EmbeddedAssets__JS6
84;EmbeddedAssets_back_1
83;EmbeddedAssets_RedFont
82;EmbeddedAssets_back_5
81;EmbeddedAssets__PNG2
80;EmbeddedAssets_back_4
79;EmbeddedAssets_DesetrEn
78;EmbeddedAssets__PNG3
77;EmbeddedAssets_back_3
76;EmbeddedAssets_back_2
75;EmbeddedAssets__PNG6
74;EmbeddedAssets_ground_2
73;EmbeddedAssets_ground_3
72;EmbeddedAssets_ground_4
71;EmbeddedAssets__PNG4
70;EmbeddedAssets_YXml
69;EmbeddedAssets_ground_5
68;EmbeddedAssets__PNG5
67;EmbeddedAssets_Warriors
66;EmbeddedAssets_BlackEn
65;EmbeddedAssets_ground_1
64;EmbeddedAssets_DeathDust1
63;EmbeddedAssets_YNXml
62;EmbeddedAssets_artXml2
43;BlackScreen
41;sound_07
40;sound_06
39;sound_08
38;sound_12
37;sound_36
36;sound_21
35;sound_22
34;sound_23
33;sound_24
32;sound_25
31;sound_26
30;sound_27
29;sound_35
28;sound_39
27;sound_33
26;sound_02
25;mus_2
24;sound_32
23;sound_37
22;mus_1
21;sound_11
20;sound_09
19;sound_10
18;sound_13
17;sound_31
16;sound_20
15;sound_15
14;sound_16
13;sound_17
12;sound_19
11;sound_18
10;sound_34
9;sound_28
8;sound_30
7;sound_29
6;sound_03
5;sound_05
4;sound_04
3;sound_14
2;sound_38
1;sound_01
0;com.Main
